[	{
		"title": "Brown eggs",
		"type": "Grocery",
		"description": "Raw organic brown eggs in a basket",
		"price": 28.1
	},
	{
		"title": "Sweet fresh stawberry",
		"type": "Grocery",
		"description": "Sweet fresh stawberry on the wooden table",
		"price": 29.45
	},
	{
		"title": "Asparagus",
		"type": "Grocery",
		"description": "Asparagus with ham on the wooden table",
		"price": 18.95
	},
	{
		"title": "Green smoothie",
		"type": "Grocery",
		"description": "Glass of green smoothie with quail egg's yolk, served with cocktail tube, green apple and baby spinach leaves over tin surface.",
		"price": 17.68
	},
	{
		"title": "Raw legums",
		"type": "Grocery",
		"description": "Raw legums on the wooden table",
		"price": 17.11
	},
	{
		"title": "Baking cake",
		"type": "Grocery",
		"description": "Baking cake in rural kitchen - dough  recipe ingredients (eggs, flour, sugar) on vintage wooden table from above.",
		"price": 11.14
	},
	{
		"title": "Pesto with basil",
		"type": "Grocery",
		"description": "Italian traditional pesto with basil, chesse and oil",
		"price": 18.19
	},
	{
		"title": "Hazelnut in black ceramic bowl",
		"type": "Grocery",
		"description": "Hazelnut in black ceramic bowl on old wooden background. forest wealth. rustic style. selective focus",
		"price": 27.35
	},
	{
		"title": "Fresh stawberry",
		"type": "Grocery",
		"description": "Sweet fresh stawberry on the wooden table",
		"price": 28.59
	},
	{
		"title": "Lemon and salt",
		"type": "Grocery",
		"description": "Rosemary, lemon and salt on the table",
		"price": 15.79
	},
	{
		"title": "Head & Shoulder",
		"type": "Shampoos",
		"description": "Head & Shoulders is #1 dandruff shampoo",
		"price": 17.50
	},
	{
		"title": "SP",
		"type": "Shampoos",
		"description": "Wella Professional SP Repair Shampoo",
		"price": 37.50
	},
	{
		"title": "Loreal",
		"type": "Shampoos",
		"description": "Loreal Paris Shampoo, Loreal Professional Shampoo",
		"price": 37.50
	},
	{
		"title": "Sun Silk",
		"type": "Shampoos",
		"description": "Sunsilk Stunning Black Shine Shampoo",
		"price": 18
	},
	{
		"title": "Panteen",
		"type": "Shampoos",
		"description": "Pantene Pro-V Shampoo",
		"price": 23
	},
	{
		"title": "Papaya",
		"type": "Shampoos",
		"description": "nourished leaving it shiny, soft and smooth",
		"price": 17.50
	},
	{
		"title": "Seba Med",
		"type": "Shampoos",
		"description": "Sebamed Everyday Shampoo Ph5.5 (200ml) At NYKAA",
		"price": 12
	},
	{
		"title": "Tresemme",
		"type": "Shampoos",
		"description": "Healthy-looking hair starts with the right shampoo",
		"price": 24
	},
	{
		"title": "Silk",
		"type": "Shampoos",
		"description": "silk Stunning Black Shine Shampoo",
		"price": 18
	},
	{
		"title": "Clinic All Clear",
		"type": "Shampoos",
		"description": "Clear Complete Active Care Anti Dandruff Shampoo",
		"price": 17
	},
	{
		"title": "Dove",
		"type": "Soap",
		"description": "Cream Beauty Bathing Bar",
		"price": 17.50
	},
	{
		"title": "Godrej",
		"type": "Soap",
		"description": "Godrej Cinthol Confidence+ Bath Soap",
		"price": 12
	},
	{
		"title": "Cinthol",
		"type": "Soap",
		"description": "Cinthol Cool Bath Soap",
		"price": 24
	},
	{
		"title": "Medimix",
		"type": "Soap",
		"description": "Medimix Ayurvedic Tumeric & Argan Oil Bathing Bar",
		"price": 18
	},
	{
		"title": "Pears",
		"type": "Soap",
		"description": "Pears Soft and Fresh Bathing Bar",
		"price": 17
	},
	{
		"title": "Himami",
		"type": "Soap",
		"description": "Payapa Skin Whitening Soap contains fresh Payaya fruit extract and vitamin E",
		"price": 17.50
	},
	{
		"title": "Himalaya",
		"type": "Soap",
		"description": "Himalaya Herbals Neem And Turmeric Soap",
		"price": 12
	},
	{
		"title": "Lux",
		"type": "Soap",
		"description": "Lux Soap Online in India",
		"price": 24
	},
	{
		"title": "Liril",
		"type": "Soap",
		"description": "Liril Lemon & Tea Tree oil Soap Bar",
		"price": 18
	},
	{
		"title": "Yardley",
		"type": "Soap",
		"description": "world's leading purveyors of quality soaps and perfumes since 1770.",
		"price": 17
	}
]